{
  "source_file": "processed_10_00225.json",
  "graph_id": 2679,
  "model": "constraints_neigh_min_rem",
  "F1": 0.1818181818181818,
  "precision": 0.2,
  "recall": 0.16666666666666666
}