{
  "source_file": "processed_10_00225.json",
  "graph_id": 2679,
  "model": "constraints_neigh_max_rem",
  "F1": 0.3333333333333333,
  "precision": 0.3333333333333333,
  "recall": 0.3333333333333333
}