{
  "source_file": "processed_10_23086.json",
  "graph_id": 29754,
  "model": "constraints_random",
  "F1": 0.2857142857142857,
  "precision": 0.2857142857142857,
  "recall": 0.2857142857142857
}