{
  "source_file": "processed_10_23086.json",
  "graph_id": 29754,
  "model": "constraints_neigh_max_rem",
  "F1": 0.42857142857142855,
  "precision": 0.42857142857142855,
  "recall": 0.42857142857142855
}