{
  "source_file": "processed_10_26586.json",
  "graph_id": 30279,
  "model": "constraints_neigh_max_rem",
  "F1": 0.14285714285714285,
  "precision": 0.14285714285714285,
  "recall": 0.14285714285714285
}