{
  "source_file": "processed_10_26586.json",
  "graph_id": 30279,
  "model": "constraints_random",
  "F1": 0.42857142857142855,
  "precision": 0.42857142857142855,
  "recall": 0.42857142857142855
}