{
  "source_file": "processed_10_26586.json",
  "graph_id": 30279,
  "model": "constraints_deg_desc",
  "F1": 0.5714285714285714,
  "precision": 0.5714285714285714,
  "recall": 0.5714285714285714
}