{
  "source_file": "processed_10_26586.json",
  "graph_id": 30279,
  "model": "constraints_round_robin",
  "F1": 0.7142857142857143,
  "precision": 0.7142857142857143,
  "recall": 0.7142857142857143
}