{
  "source_file": "processed_10_41849.json",
  "graph_id": 41048,
  "model": "constraints_deg_desc",
  "F1": 0.42857142857142855,
  "precision": 0.42857142857142855,
  "recall": 0.42857142857142855
}