{
  "source_file": "processed_10_41849.json",
  "graph_id": 41048,
  "model": "constraints_neigh_max_rem",
  "F1": 0.2857142857142857,
  "precision": 0.2857142857142857,
  "recall": 0.2857142857142857
}