{
  "source_file": "processed_10_41849.json",
  "graph_id": 41048,
  "model": "constraints_random",
  "F1": 0.7142857142857143,
  "precision": 0.7142857142857143,
  "recall": 0.7142857142857143
}