{
  "source_file": "processed_10_41849.json",
  "graph_id": 41048,
  "model": "constraints_neigh_min_rem",
  "F1": 0.5714285714285714,
  "precision": 0.5714285714285714,
  "recall": 0.5714285714285714
}