{
  "source_file": "processed_10_02172.json",
  "graph_id": 43698,
  "model": "constraints_deg_desc",
  "F1": 0.39999999999999997,
  "precision": 0.42857142857142855,
  "recall": 0.375
}