{
  "source_file": "processed_10_02172.json",
  "graph_id": 43546,
  "model": "constraints_neigh_min_rem",
  "F1": 0.39999999999999997,
  "precision": 0.42857142857142855,
  "recall": 0.375
}