{
    "params": {
        "in_dim": 128,
        "hidden_dim": 128,
        "dropout": 0.1,
        "edge_threshold": 0.5,
        "update_deg_rem_on_infer": true,
        "num_epochs": 10,
        "learning_rate": 0.0003,
        "dataset_parent_directory": null,
        "dataset_amount_unfoldings_per_file": null,
        "dataset_max_files_per_dir": null,
        "dataset_include_dirs": null
    },
    "train_losses": [
        0.644434376767144,
        0.632934804807291,
        0.6297577146979328,
        0.6281671181219209,
        0.6267549007588901,
        0.6265464795954429,
        0.6250562797851872,
        0.6249695999700455,
        0.6240882760968515,
        0.6225807946636441
    ],
    "val_losses": [
        0.6413004342069264,
        0.6374960451912863,
        0.6365970905328873,
        0.6355137557665962,
        0.6376303309232061,
        0.6356696857370132,
        0.6385616258842739,
        0.637180749270945,
        0.6359789561866946,
        0.6380710698701522
    ],
    "edge_precisions": [
        0.32175494373045493,
        0.33711349256424844,
        0.31826931384134166,
        0.3195310075568545,
        0.31452923852003467,
        0.3151590572681725,
        0.31656623155344116,
        0.316035588866349,
        0.3164465489096109,
        0.315999389601378
    ],
    "edge_recalls": [
        0.6833502062242036,
        0.605949654020513,
        0.726019702082673,
        0.717245798820581,
        0.7633428775948233,
        0.7555999250093507,
        0.7475051982138365,
        0.7459309063639533,
        0.7419502675801676,
        0.7359920918975829
    ],
    "edge_f1_scores": [
        0.4295680913267087,
        0.41815937336651104,
        0.4369583282874969,
        0.4363218169807605,
        0.4413670361736666,
        0.44038035978967427,
        0.44022279824662924,
        0.4393484245037361,
        0.4386054274483165,
        0.4372194866765562
    ],
    "edge_jaccard_similarities": [
        0.2777747869949112,
        0.2703754162926779,
        0.2834499810607706,
        0.28306136884492966,
        0.28673540462181374,
        0.2860317476464627,
        0.2859482714780685,
        0.2852884856898567,
        0.2848428917020672,
        0.28371398270437526
    ],
    "edge_true_positives": [
        4.795991410164638,
        4.251109520400859,
        5.093915533285612,
        5.032068718682892,
        5.355905511811024,
        5.301360057265569,
        5.245096635647816,
        5.234073013600573,
        5.206585540443808,
        5.164065855404438
    ],
    "edge_false_positives": [
        10.51295633500358,
        8.764638511095203,
        11.256692913385827,
        11.050823192555477,
        12.03178239083751,
        11.872297780959197,
        11.671009305654975,
        11.670293486041517,
        11.597566213314245,
        11.525841088045812
    ],
    "edge_false_negatives": [
        2.2254831782390836,
        2.7703650680028633,
        1.9275590551181103,
        1.9894058697208303,
        1.6655690765926987,
        1.7201145311381532,
        1.7763779527559056,
        1.7874015748031495,
        1.814889047959914,
        1.857408732999284
    ],
    "epoch_times": [
        242.80063319206238,
        241.1927514076233,
        234.87146019935608,
        236.63214826583862,
        234.1470649242401,
        233.80450105667114,
        234.11803126335144,
        235.9691309928894,
        237.1085216999054,
        241.7493040561676
    ],
    "train_times": [
        208.1008322238922,
        206.15769147872925,
        199.0904643535614,
        200.43276476860046,
        197.81448364257812,
        196.78554606437683,
        197.62508988380432,
        199.05246782302856,
        202.55007886886597,
        206.862877368927
    ],
    "val_times": [
        34.69892978668213,
        35.034884452819824,
        35.780832290649414,
        36.19921612739563,
        36.332404375076294,
        37.01877951622009,
        36.492716550827026,
        36.91649127006531,
        34.558268547058105,
        34.88624668121338
    ],
    "learning_rates": [
        0.0003,
        0.0003,
        0.0003,
        0.0003,
        0.0003,
        0.0003,
        0.0003,
        0.0003,
        0.0003,
        0.0003
    ],
    "face_counts_RANDOM": [
        6,
        7,
        8,
        9,
        10,
        999
    ],
    "avg_recall_RANDOM": [
        0.6786596119929453,
        0.6941845764854614,
        0.7234335839598998,
        0.7198485106061464,
        0.7548465906321586,
        0.7390640441091277
    ],
    "avg_missing_RANDOM": [
        0.32134038800705467,
        0.30581542351453855,
        0.27656641604010024,
        0.28015148939385354,
        0.24515340936784127,
        0.26093595589087215
    ],
    "avg_false_RANDOM": [
        0.35699588477366256,
        0.534634858749903,
        0.5999165479380494,
        0.6626493766507994,
        0.7111764060705034,
        0.6827872074461034
    ],
    "avg_precision_RANDOM": [
        0.6430041152263374,
        0.465365141250097,
        0.4000834520619506,
        0.33735062334920074,
        0.28882359392949664,
        0.31721279255389656
    ],
    "std_correct_RANDOM": [
        0.24166415275838757,
        0.18289674924136612,
        0.18038404030635993,
        0.16837846549574098,
        0.1614327558676085,
        0.1668920562764247
    ],
    "std_missing_RANDOM": [
        0.24166415275838754,
        0.1828967492413661,
        0.1803840403063599,
        0.16837846549574098,
        0.1614327558676085,
        0.1668920562764247
    ],
    "std_false_RANDOM": [
        0.12264323850898626,
        0.09378126039314023,
        0.07969038372750963,
        0.06409967201934988,
        0.05063562796131872,
        0.07259459114604101
    ],
    "std_precision_RANDOM": [
        0.12264323850898626,
        0.09378126039314023,
        0.07969038372750963,
        0.06409967201934988,
        0.05063562796131872,
        0.07259459114604101
    ],
    "avg_f1_RANDOM": [
        0.6445528751084306,
        0.5509795504336451,
        0.5096047976327396,
        0.4556984248304153,
        0.41514955986006885,
        0.43851418794447417
    ],
    "avg_jaccard_RANDOM": [
        0.4953409758965314,
        0.3890762629700683,
        0.3477940075936395,
        0.29897019721958096,
        0.2644732503294696,
        0.2848122296718329
    ],
    "avg_tp_RANDOM": [
        3.8518518518518516,
        4.212389380530974,
        4.696172248803828,
        5.041650138833796,
        5.361821903787104,
        5.182052382996995
    ],
    "avg_fp_RANDOM": [
        2.074074074074074,
        4.876106194690266,
        7.105263157894737,
        9.962713209044031,
        13.28403275332651,
        11.536711034778875
    ],
    "avg_fn_RANDOM": [
        1.8518518518518519,
        1.8761061946902655,
        1.8181818181818181,
        1.9702499008330028,
        1.7489764585465712,
        1.835408616001145
    ]
}