{
  "source_file": "cleaned_faces_10_structure_41.json",
  "graph_id": 5610,
  "model": "constraints_fixed",
  "F1": 0.2857142857142857,
  "precision": 0.2857142857142857,
  "recall": 0.2857142857142857
}