{
  "source_file": "cleaned_faces_10_structure_41.json",
  "graph_id": 5610,
  "model": "constraints_neigh_max_rem",
  "F1": 0.7142857142857143,
  "precision": 0.7142857142857143,
  "recall": 0.7142857142857143
}