{
  "source_file": "processed_10_13076.json",
  "graph_id": 31362,
  "model": "constraints_neigh_min_rem",
  "F1": 0.6153846153846153,
  "precision": 0.6666666666666666,
  "recall": 0.5714285714285714
}