{
  "source_file": "processed_10_13076.json",
  "graph_id": 31362,
  "model": "constraints_deg_asc",
  "F1": 0.2857142857142857,
  "precision": 0.2857142857142857,
  "recall": 0.2857142857142857
}