{
  "source_file": "processed_10_19295.json",
  "graph_id": 33966,
  "model": "constraints_round_robin",
  "F1": 0.2857142857142857,
  "precision": 0.2857142857142857,
  "recall": 0.2857142857142857
}