{
  "source_file": "processed_10_19295.json",
  "graph_id": 33966,
  "model": "constraints_deg_desc",
  "F1": 0.42857142857142855,
  "precision": 0.42857142857142855,
  "recall": 0.42857142857142855
}