{
  "source_file": "processed_10_19295.json",
  "graph_id": 33966,
  "model": "constraints_deg_asc",
  "F1": 0.7142857142857143,
  "precision": 0.7142857142857143,
  "recall": 0.7142857142857143
}