{
  "source_file": "processed_10_19295.json",
  "graph_id": 33966,
  "model": "constraints_fixed",
  "F1": 0.14285714285714285,
  "precision": 0.14285714285714285,
  "recall": 0.14285714285714285
}