{
  "source_file": "processed_10_20624.json",
  "graph_id": 34759,
  "model": "constraints_deg_desc",
  "F1": 0.4615384615384615,
  "precision": 0.5,
  "recall": 0.42857142857142855
}