{
  "source_file": "processed_10_20624.json",
  "graph_id": 34759,
  "model": "constraints_random",
  "F1": 0.14285714285714285,
  "precision": 0.14285714285714285,
  "recall": 0.14285714285714285
}