{
  "source_file": "processed_10_15388.json",
  "graph_id": 516,
  "model": "constraints_round_robin",
  "F1": 0.30769230769230765,
  "precision": 0.3333333333333333,
  "recall": 0.2857142857142857
}