{
  "source_file": "processed_10_15388.json",
  "graph_id": 516,
  "model": "constraints_random",
  "F1": 0.5714285714285714,
  "precision": 0.5714285714285714,
  "recall": 0.5714285714285714
}