{
  "source_file": "processed_10_15388.json",
  "graph_id": 516,
  "model": "constraints_neigh_min_rem",
  "F1": 0.4615384615384615,
  "precision": 0.5,
  "recall": 0.42857142857142855
}