{
  "source_file": "processed_10_30524.json",
  "graph_id": 38273,
  "model": "constraints_neigh_min_rem",
  "F1": 0.14285714285714285,
  "precision": 0.14285714285714285,
  "recall": 0.14285714285714285
}